country_iso2,report_year,sector_code,sector_name,sector_waste_tonnes,pct_of_country_total,sector_rank
BG,2022,F,Construction,7298,0.1,1
BG,2022,C,Manufacturing,395298,2.7,2
BG,2022,G-U_X_G4677,Services (except wholesale of waste and scrap),36840,0.3,3
BG,2022,A,"Agriculture, forestry and fishing",2998,0,4
BG,2022,D,"Electricity, gas, steam and air conditioning supply",2074,0,5
BG,2022,E,"Water supply, sewerage, waste management",19266,0.1,6
BG,2022,B,Mining and quarrying,13932326,96,7
BG,2022,G4677,Wholesale of waste and scrap,13500,0.1,8
BG,2022,EP_HH,Households,110507,0.8,9
BG,2022,G4677,Wholesale of waste and scrap,936,0,1
BG,2022,EP_HH,Households,82366,0.6,2
BG,2022,C,Manufacturing,466684,3.3,3
BG,2022,A,"Agriculture, forestry and fishing",4663,0,4
BG,2022,G-U_X_G4677,Services (except wholesale of waste and scrap),45658,0.3,5
BG,2022,D,"Electricity, gas, steam and air conditioning supply",23214,0.2,6
BG,2022,F,Construction,20488,0.1,7
BG,2022,E,"Water supply, sewerage, waste management",13680,0.1,8
BG,2022,B,Mining and quarrying,13294166,95.3,9
BG,2022,C,Manufacturing,73228,0.5,1
BG,2022,G4677,Wholesale of waste and scrap,691,0,2
BG,2022,F,Construction,222,0,3
BG,2022,A,"Agriculture, forestry and fishing",181,0,4
BG,2022,D,"Electricity, gas, steam and air conditioning supply",1502,0,5
BG,2022,B,Mining and quarrying,13216848,98.4,6
BG,2022,EP_HH,Households,118694,0.9,7
BG,2022,E,"Water supply, sewerage, waste management",10640,0.1,8
BG,2022,G-U_X_G4677,Services (except wholesale of waste and scrap),10063,0.1,9
BG,2022,E,"Water supply, sewerage, waste management",96496,0.7,1
BG,2022,EP_HH,Households,52278,0.4,2
BG,2022,G-U_X_G4677,Services (except wholesale of waste and scrap),35611,0.3,3
BG,2022,G4677,Wholesale of waste and scrap,2495,0,4
BG,2022,F,Construction,208,0,5
BG,2022,D,"Electricity, gas, steam and air conditioning supply",1931,0,6
BG,2022,A,"Agriculture, forestry and fishing",146,0,7
BG,2022,B,Mining and quarrying,13025415,97.7,8
BG,2022,C,Manufacturing,113857,0.9,9
BG,2022,G4677,Wholesale of waste and scrap,992,0,1
BG,2022,A,"Agriculture, forestry and fishing",58,0,2
BG,2022,D,"Electricity, gas, steam and air conditioning supply",3345,0,3
BG,2022,G-U_X_G4677,Services (except wholesale of waste and scrap),26948,0.2,4
BG,2022,F,Construction,186,0,5
BG,2022,C,Manufacturing,176756,1.4,6
BG,2022,B,Mining and quarrying,11986539,98.2,7
BG,2022,E,"Water supply, sewerage, waste management",11345,0.1,8
BG,2022,EP_HH,Households,0,0,9
BG,2022,E,"Water supply, sewerage, waste management",9061,0.1,1
BG,2022,EP_HH,Households,7664,0.1,2
BG,2022,A,"Agriculture, forestry and fishing",40,0,3
BG,2022,F,Construction,305,0,4
BG,2022,D,"Electricity, gas, steam and air conditioning supply",2327,0,5
BG,2022,G4677,Wholesale of waste and scrap,2216,0,6
BG,2022,B,Mining and quarrying,13268111,99,7
BG,2022,G-U_X_G4677,Services (except wholesale of waste and scrap),11445,0.1,8
BG,2022,C,Manufacturing,105873,0.8,9
BG,2022,D,"Electricity, gas, steam and air conditioning supply",7343,0.1,1
BG,2022,C,Manufacturing,591041,4.4,2
BG,2022,G-U_X_G4677,Services (except wholesale of waste and scrap),5454,0,3
BG,2022,E,"Water supply, sewerage, waste management",3075,0,4
BG,2022,A,"Agriculture, forestry and fishing",30,0,5
BG,2022,F,Construction,203,0,6
BG,2022,B,Mining and quarrying,12933980,95.4,7
BG,2022,EP_HH,Households,11308,0.1,8
BG,2022,G4677,Wholesale of waste and scrap,1049,0,9
BG,2022,F,Construction,953,0,1
BG,2022,C,Manufacturing,750340,5.8,2
BG,2022,G4677,Wholesale of waste and scrap,694,0,3
BG,2022,G-U_X_G4677,Services (except wholesale of waste and scrap),5482,0,4
BG,2022,A,"Agriculture, forestry and fishing",2449,0,5
BG,2022,D,"Electricity, gas, steam and air conditioning supply",1982,0,6
BG,2022,B,Mining and quarrying,12279833,94.2,7
BG,2022,EP_HH,Households,0,0,8
BG,2022,C,Manufacturing,767737,5.7,1
BG,2022,F,Construction,55,0,2
BG,2022,G-U_X_G4677,Services (except wholesale of waste and scrap),1947,0,3
BG,2022,D,"Electricity, gas, steam and air conditioning supply",1744,0,4
BG,2022,G4677,Wholesale of waste and scrap,1361,0,5
BG,2022,B,Mining and quarrying,12777771,94.3,6
BG,2022,EP_HH,Households,0,0,7
BG,2022,A,"Agriculture, forestry and fishing",0,0,7
BG,2022,A,"Agriculture, forestry and fishing",69,0,1
BG,2022,G-U_X_G4677,Services (except wholesale of waste and scrap),49129,0.4,2
BG,2022,C,Manufacturing,473033,4,3
BG,2022,D,"Electricity, gas, steam and air conditioning supply",2492,0,4
BG,2022,F,Construction,2135,0,5
BG,2022,B,Mining and quarrying,11370934,95.6,6
BG,2022,G4677,Wholesale of waste and scrap,1,0,7
BG,2022,EP_HH,Households,0,0,8
CZ,2022,B,Mining and quarrying,9847,0.6,1
CZ,2022,D,"Electricity, gas, steam and air conditioning supply",9581,0.6,2
CZ,2022,A,"Agriculture, forestry and fishing",9044,0.6,3
CZ,2022,E,"Water supply, sewerage, waste management",514868,33.1,4
CZ,2022,C,Manufacturing,495105,31.8,5
CZ,2022,G-U_X_G4677,Services (except wholesale of waste and scrap),339433,21.8,6
CZ,2022,G4677,Wholesale of waste and scrap,2055,0.1,7
CZ,2022,F,Construction,164237,10.5,8
CZ,2022,EP_HH,Households,13091,0.8,9
CZ,2022,A,"Agriculture, forestry and fishing",6878,0.4,1
CZ,2022,E,"Water supply, sewerage, waste management",496517,28.2,2
CZ,2022,C,Manufacturing,472906,26.9,3
CZ,2020,B,Mining and quarrying,31793,1.8,4
CZ,2020,G-U_X_G4677,Services (except wholesale of waste and scrap),293073,16.7,5
CZ,2020,F,Construction,243889,13.9,6
CZ,2020,EP_HH,Households,201168,11.4,7
CZ,2020,G4677,Wholesale of waste and scrap,1807,0.1,8
CZ,2020,D,"Electricity, gas, steam and air conditioning supply",11474,0.7,9
CZ,2020,B,Mining and quarrying,9348,0.6,1
CZ,2020,C,Manufacturing,557281,33,2
CZ,2020,E,"Water supply, sewerage, waste management",508574,30.1,3
CZ,2020,G4677,Wholesale of waste and scrap,38236,2.3,4
CZ,2020,EP_HH,Households,34730,2.1,5
CZ,2020,G-U_X_G4677,Services (except wholesale of waste and scrap),261962,15.5,6
CZ,2020,F,Construction,247822,14.7,7
CZ,2020,D,"Electricity, gas, steam and air conditioning supply",16173,1,8
CZ,2020,A,"Agriculture, forestry and fishing",15970,0.9,9
CZ,2020,A,"Agriculture, forestry and fishing",8814,0.8,1
CZ,2020,EP_HH,Households,6878,0.6,2
CZ,2020,C,Manufacturing,550971,50.6,3
CZ,2020,E,"Water supply, sewerage, waste management",279640,25.7,4
CZ,2020,G4677,Wholesale of waste and scrap,2621,0.2,5
CZ,2020,B,Mining and quarrying,15487,1.4,6
CZ,2020,D,"Electricity, gas, steam and air conditioning supply",12441,1.1,7
CZ,2020,G-U_X_G4677,Services (except wholesale of waste and scrap),106364,9.8,8
CZ,2020,F,Construction,105498,9.7,9
CZ,2020,EP_HH,Households,8330,0.7,1
CZ,2020,F,Construction,74719,6.4,2
CZ,2020,C,Manufacturing,510466,43.9,3
CZ,2020,A,"Agriculture, forestry and fishing",4249,0.4,4
CZ,2020,E,"Water supply, sewerage, waste management",420193,36.2,5
CZ,2020,G4677,Wholesale of waste and scrap,2243,0.2,6
CZ,2020,B,Mining and quarrying,20114,1.7,7
CZ,2020,D,"Electricity, gas, steam and air conditioning supply",11960,1,8
CZ,2020,G-U_X_G4677,Services (except wholesale of waste and scrap),110068,9.5,9
CZ,2020,G-U_X_G4677,Services (except wholesale of waste and scrap),91338,6.2,1
CZ,2020,EP_HH,Households,6793,0.5,2
CZ,2020,E,"Water supply, sewerage, waste management",581894,39.3,3
CZ,2020,C,Manufacturing,493700,33.3,4
CZ,2020,A,"Agriculture, forestry and fishing",4383,0.3,5
CZ,2020,G4677,Wholesale of waste and scrap,3119,0.2,6
CZ,2020,F,Construction,266687,18,7
CZ,2020,D,"Electricity, gas, steam and air conditioning supply",23038,1.6,8
CZ,2020,B,Mining and quarrying,10329,0.7,9
CZ,2020,F,Construction,97917,7.2,1
CZ,2020,G-U_X_G4677,Services (except wholesale of waste and scrap),97216,7.1,2
CZ,2020,A,"Agriculture, forestry and fishing",6167,0.5,3
CZ,2020,E,"Water supply, sewerage, waste management",551719,40.5,4
CZ,2020,C,Manufacturing,550382,40.4,5
CZ,2020,EP_HH,Households,5029,0.4,6
CZ,2020,D,"Electricity, gas, steam and air conditioning supply",37141,2.7,7
CZ,2020,B,Mining and quarrying,15951,1.2,8
CZ,2020,G4677,Wholesale of waste and scrap,1342,0.1,9
CZ,2020,A,"Agriculture, forestry and fishing",7368,0.7,1
CZ,2020,C,Manufacturing,658201,63.9,2
CZ,2020,EP_HH,Households,5862,0.6,3
CZ,2020,B,Mining and quarrying,28987,2.8,4
CZ,2020,D,"Electricity, gas, steam and air conditioning supply",27581,2.7,5
CZ,2020,G4677,Wholesale of waste and scrap,1994,0.2,6
CZ,2020,F,Construction,175878,17.1,7
CZ,2020,G-U_X_G4677,Services (except wholesale of waste and scrap),123406,12,8
CZ,2020,F,Construction,93417,10.3,1
CZ,2020,C,Manufacturing,670805,73.7,2
CZ,2020,G-U_X_G4677,Services (except wholesale of waste and scrap),64475,7.1,3
CZ,2020,A,"Agriculture, forestry and fishing",5298,0.6,4
CZ,2020,D,"Electricity, gas, steam and air conditioning supply",33643,3.7,5
CZ,2020,B,Mining and quarrying,24119,2.7,6
CZ,2020,EP_HH,Households,16887,1.9,7
CZ,2020,G4677,Wholesale of waste and scrap,1207,0.1,8
CZ,2020,C,Manufacturing,781231,68.1,1
CZ,2020,A,"Agriculture, forestry and fishing",6535,0.6,2
CZ,2020,D,"Electricity, gas, steam and air conditioning supply",39200,3.4,3
CZ,2020,EP_HH,Households,23000,2,4
CZ,2020,B,Mining and quarrying,22350,1.9,5
CZ,2020,F,Construction,160430,14,6
CZ,2020,G-U_X_G4677,Services (except wholesale of waste and scrap),112737,9.8,7
CZ,2020,G4677,Wholesale of waste and scrap,1020,0.1,8
EE,2020,B,Mining and quarrying,95,0,1
EE,2020,D,"Electricity, gas, steam and air conditioning supply",67629,4.4,2
EE,2020,G-U_X_G4677,Services (except wholesale of waste and scrap),65913,4.3,3
EE,2020,G4677,Wholesale of waste and scrap,3607,0.2,4
EE,2020,A,"Agriculture, forestry and fishing",330,0,5
EE,2020,EP_HH,Households,28151,1.8,6
EE,2020,E,"Water supply, sewerage, waste management",23110,1.5,7
EE,2020,F,Construction,19814,1.3,8
EE,2020,C,Manufacturing,1315400,86.3,9
EE,2020,E,"Water supply, sewerage, waste management",76377,4.8,1
EE,2020,G-U_X_G4677,Services (except wholesale of waste and scrap),75624,4.7,2
EE,2020,D,"Electricity, gas, steam and air conditioning supply",72923,4.6,3
EE,2020,A,"Agriculture, forestry and fishing",568,0,4
EE,2020,EP_HH,Households,26645,1.7,5
EE,2020,G4677,Wholesale of waste and scrap,2575,0.2,6
EE,2020,F,Construction,24572,1.5,7
EE,2020,B,Mining and quarrying,202,0,8
EE,2020,C,Manufacturing,1312706,82.4,9
EE,2020,G-U_X_G4677,Services (except wholesale of waste and scrap),82167,0.8,1
EE,2020,D,"Electricity, gas, steam and air conditioning supply",7362896,67.7,2
EE,2020,EP_HH,Households,57887,0.5,3
EE,2020,A,"Agriculture, forestry and fishing",507,0,4
EE,2020,F,Construction,41630,0.4,5
EE,2020,B,Mining and quarrying,409,0,6
EE,2018,C,Manufacturing,3318677,30.5,7
EE,2018,E,"Water supply, sewerage, waste management",14736,0.1,8
EE,2018,G4677,Wholesale of waste and scrap,1379,0,9
EE,2018,G-U_X_G4677,Services (except wholesale of waste and scrap),74117,0.8,1
EE,2018,D,"Electricity, gas, steam and air conditioning supply",6023382,62.2,2
EE,2018,B,Mining and quarrying,393,0,3
EE,2018,C,Manufacturing,3540748,36.6,4
EE,2018,A,"Agriculture, forestry and fishing",242,0,5
EE,2018,EP_HH,Households,15917,0.2,6
EE,2018,E,"Water supply, sewerage, waste management",15771,0.2,7
EE,2018,G4677,Wholesale of waste and scrap,1573,0,8
EE,2018,F,Construction,10021,0.1,9
EE,2018,A,"Agriculture, forestry and fishing",986,0,1
EE,2018,G4677,Wholesale of waste and scrap,757,0,2
EE,2018,D,"Electricity, gas, steam and air conditioning supply",6928482,66.6,3
EE,2018,G-U_X_G4677,Services (except wholesale of waste and scrap),66044,0.6,4
EE,2018,C,Manufacturing,3367693,32.3,5
EE,2018,B,Mining and quarrying,2008,0,6
EE,2018,E,"Water supply, sewerage, waste management",17709,0.2,7
EE,2018,EP_HH,Households,15777,0.2,8
EE,2018,F,Construction,10866,0.1,9
EE,2018,D,"Electricity, gas, steam and air conditioning supply",6202544,67.7,1
EE,2018,G-U_X_G4677,Services (except wholesale of waste and scrap),59247,0.6,2
EE,2018,A,"Agriculture, forestry and fishing",531,0,3
EE,2018,F,Construction,4003,0,4
EE,2018,E,"Water supply, sewerage, waste management",29267,0.3,5
EE,2018,C,Manufacturing,2849772,31.1,6
EE,2018,B,Mining and quarrying,277,0,7
EE,2018,G4677,Wholesale of waste and scrap,2463,0,8
EE,2018,EP_HH,Households,11036,0.1,9
EE,2018,B,Mining and quarrying,990,0,1
EE,2018,F,Construction,9695,0.1,2
EE,2018,EP_HH,Households,9457,0.1,3
EE,2018,D,"Electricity, gas, steam and air conditioning supply",6399473,71.4,4
EE,2018,G4677,Wholesale of waste and scrap,49739,0.6,5
EE,2018,E,"Water supply, sewerage, waste management",37215,0.4,6
EE,2018,A,"Agriculture, forestry and fishing",360,0,7
EE,2018,C,Manufacturing,2453177,27.4,8
EE,2018,G-U_X_G4677,Services (except wholesale of waste and scrap),1602,0,9
EE,2018,A,"Agriculture, forestry and fishing",9240,0.1,1
EE,2018,G-U_X_G4677,Services (except wholesale of waste and scrap),88549,1.2,2
EE,2018,D,"Electricity, gas, steam and air conditioning supply",5335869,70.9,3
EE,2018,F,Construction,4870,0.1,4
EE,2018,B,Mining and quarrying,2165,0,5
EE,2018,C,Manufacturing,2072184,27.5,6
EE,2018,G4677,Wholesale of waste and scrap,1555,0,7
EE,2018,EP_HH,Households,11974,0.2,8
EE,2018,G-U_X_G4677,Services (except wholesale of waste and scrap),99561,1.5,1
EE,2018,EP_HH,Households,6542,0.1,2
EE,2018,A,"Agriculture, forestry and fishing",6423,0.1,3
EE,2018,F,Construction,5982,0.1,4
EE,2018,B,Mining and quarrying,575,0,5
EE,2018,D,"Electricity, gas, steam and air conditioning supply",5400225,81.7,6
EE,2018,G4677,Wholesale of waste and scrap,1451,0,7
EE,2018,C,Manufacturing,1092647,16.5,8
EE,2018,C,Manufacturing,969717,13.2,1
EE,2018,F,Construction,7089,0.1,2
EE,2018,D,"Electricity, gas, steam and air conditioning supply",5984060,81.7,3
EE,2018,A,"Agriculture, forestry and fishing",5814,0.1,4
EE,2018,B,Mining and quarrying,4394,0.1,5
EE,2018,EP_HH,Households,3952,0.1,6
EE,2018,G-U_X_G4677,Services (except wholesale of waste and scrap),351693,4.8,7
EE,2018,G4677,Wholesale of waste and scrap,1569,0,8
HR,2018,E,"Water supply, sewerage, waste management",8778,4.9,1
HR,2018,G4677,Wholesale of waste and scrap,69,0,2
HR,2018,A,"Agriculture, forestry and fishing",680,0.4,3
HR,2018,EP_HH,Households,62902,34.9,4
HR,2018,B,Mining and quarrying,6234,3.5,5
HR,2018,C,Manufacturing,43920,24.4,6
HR,2018,G-U_X_G4677,Services (except wholesale of waste and scrap),43865,24.4,7
HR,2018,D,"Electricity, gas, steam and air conditioning supply",1768,1,8
HR,2018,F,Construction,11825,6.6,9
HR,2018,A,"Agriculture, forestry and fishing",944,0.5,1
HR,2018,EP_HH,Households,75694,40.5,2
HR,2018,E,"Water supply, sewerage, waste management",6873,3.7,3
HR,2018,B,Mining and quarrying,6531,3.5,4
HR,2018,C,Manufacturing,39680,21.2,5
HR,2018,G-U_X_G4677,Services (except wholesale of waste and scrap),36008,19.3,6
HR,2018,F,Construction,19839,10.6,7
HR,2018,G4677,Wholesale of waste and scrap,14,0,8
HR,2018,D,"Electricity, gas, steam and air conditioning supply",1372,0.7,9
HR,2018,A,"Agriculture, forestry and fishing",822,0.5,1
HR,2018,B,Mining and quarrying,6985,4,2
HR,2018,EP_HH,Households,55413,31.8,3
HR,2018,C,Manufacturing,49685,28.5,4
HR,2018,E,"Water supply, sewerage, waste management",3518,2,5
HR,2018,G-U_X_G4677,Services (except wholesale of waste and scrap),33665,19.3,6
HR,2018,G4677,Wholesale of waste and scrap,3,0,7
HR,2018,F,Construction,22963,13.2,8
HR,2018,D,"Electricity, gas, steam and air conditioning supply",1296,0.7,9
HR,2018,A,"Agriculture, forestry and fishing",864,0.5,1
HR,2018,G-U_X_G4677,Services (except wholesale of waste and scrap),54185,31.1,2
HR,2018,E,"Water supply, sewerage, waste management",4615,2.6,3
HR,2018,EP_HH,Households,39482,22.6,4
HR,2018,F,Construction,38709,22.2,5
HR,2018,B,Mining and quarrying,3478,2,6
HR,2018,C,Manufacturing,30098,17.3,7
HR,2018,G4677,Wholesale of waste and scrap,3,0,8
HR,2018,D,"Electricity, gas, steam and air conditioning supply",2891,1.7,9
HR,2016,E,"Water supply, sewerage, waste management",8890,6.8,1
HR,2016,A,"Agriculture, forestry and fishing",699,0.5,2
HR,2016,G-U_X_G4677,Services (except wholesale of waste and scrap),38335,29.4,3
HR,2016,C,Manufacturing,34903,26.8,4
HR,2016,EP_HH,Households,32639,25.1,5
HR,2016,D,"Electricity, gas, steam and air conditioning supply",1929,1.5,6
HR,2016,G4677,Wholesale of waste and scrap,17,0,7
HR,2016,B,Mining and quarrying,1241,1,8
HR,2016,F,Construction,11587,8.9,9
HR,2016,B,Mining and quarrying,845,0.7,1
HR,2016,EP_HH,Households,40550,33.4,2
HR,2016,A,"Agriculture, forestry and fishing",394,0.3,3
HR,2016,C,Manufacturing,31512,26,4
HR,2016,G-U_X_G4677,Services (except wholesale of waste and scrap),27682,22.8,5
HR,2016,E,"Water supply, sewerage, waste management",2449,2,6
HR,2016,D,"Electricity, gas, steam and air conditioning supply",1982,1.6,7
HR,2016,F,Construction,15862,13.1,8
HR,2016,G4677,Wholesale of waste and scrap,143,0.1,9
HR,2016,A,"Agriculture, forestry and fishing",91,0.1,1
HR,2016,F,Construction,653,0.9,2
HR,2016,G4677,Wholesale of waste and scrap,6409,8.8,3
HR,2016,D,"Electricity, gas, steam and air conditioning supply",622,0.9,4
HR,2016,C,Manufacturing,60125,82.9,5
HR,2016,G-U_X_G4677,Services (except wholesale of waste and scrap),510,0.7,6
HR,2016,E,"Water supply, sewerage, waste management",4038,5.6,7
HR,2016,B,Mining and quarrying,105,0.1,8
HR,2016,EP_HH,Households,0,0,9
HR,2016,A,"Agriculture, forestry and fishing",85,0,1
HR,2016,G-U_X_G4677,Services (except wholesale of waste and scrap),5118,2.3,2
HR,2016,B,Mining and quarrying,487,0.2,3
HR,2016,D,"Electricity, gas, steam and air conditioning supply",472,0.2,4
HR,2016,F,Construction,451,0.2,5
HR,2016,C,Manufacturing,212431,97,6
HR,2016,G4677,Wholesale of waste and scrap,0,0,7
HR,2016,EP_HH,Households,0,0,7
HR,2016,D,"Electricity, gas, steam and air conditioning supply",6947,2.1,1
HR,2016,B,Mining and quarrying,4801,1.4,2
HR,2016,F,Construction,2547,0.8,3
HR,2016,G-U_X_G4677,Services (except wholesale of waste and scrap),22083,6.6,4
HR,2016,C,Manufacturing,168156,50.6,5
HR,2016,G4677,Wholesale of waste and scrap,1312,0.4,6
HR,2016,EP_HH,Households,126326,38,7
HR,2016,A,"Agriculture, forestry and fishing",107,0,8
HR,2016,A,"Agriculture, forestry and fishing",77,0.1,1
HR,2016,C,Manufacturing,63735,64.3,2
HR,2016,F,Construction,3551,3.6,3
HR,2016,G-U_X_G4677,Services (except wholesale of waste and scrap),27498,27.7,4
HR,2016,B,Mining and quarrying,2547,2.6,5
HR,2016,G4677,Wholesale of waste and scrap,20,0,6
HR,2016,D,"Electricity, gas, steam and air conditioning supply",1699,1.7,7
HU,2016,E,"Water supply, sewerage, waste management",91574,15.4,1
HU,2016,G-U_X_G4677,Services (except wholesale of waste and scrap),78234,13.2,2
HU,2016,B,Mining and quarrying,7010,1.2,3
HU,2016,F,Construction,58563,9.9,4
HU,2016,EP_HH,Households,51118,8.6,5
HU,2016,A,"Agriculture, forestry and fishing",4424,0.7,6
HU,2016,G4677,Wholesale of waste and scrap,364,0.1,7
HU,2016,D,"Electricity, gas, steam and air conditioning supply",3632,0.6,8
HU,2016,C,Manufacturing,299099,50.4,9
HU,2016,G-U_X_G4677,Services (except wholesale of waste and scrap),75855,13.2,1
HU,2016,D,"Electricity, gas, steam and air conditioning supply",6372,1.1,2
HU,2016,A,"Agriculture, forestry and fishing",5649,1,3
HU,2016,EP_HH,Households,53818,9.3,4
HU,2016,E,"Water supply, sewerage, waste management",48650,8.4,5
HU,2016,C,Manufacturing,346135,60.1,6
HU,2016,F,Construction,28663,5,7
HU,2016,G4677,Wholesale of waste and scrap,211,0,8
HU,2016,B,Mining and quarrying,10614,1.8,9
HU,2016,G-U_X_G4677,Services (except wholesale of waste and scrap),68063,12.5,1
HU,2016,A,"Agriculture, forestry and fishing",5525,1,2
HU,2016,D,"Electricity, gas, steam and air conditioning supply",4944,0.9,3
HU,2016,G4677,Wholesale of waste and scrap,370,0.1,4
HU,2016,F,Construction,31203,5.7,5
HU,2016,C,Manufacturing,271804,50.1,6
HU,2016,EP_HH,Households,24167,4.5,7
HU,2016,E,"Water supply, sewerage, waste management",126278,23.3,8
HU,2016,B,Mining and quarrying,10491,1.9,9
HU,2016,A,"Agriculture, forestry and fishing",7933,1.8,1
HU,2016,D,"Electricity, gas, steam and air conditioning supply",7134,1.6,2
HU,2016,G-U_X_G4677,Services (except wholesale of waste and scrap),59027,13.1,3
HU,2016,B,Mining and quarrying,4903,1.1,4
HU,2016,C,Manufacturing,235562,52.1,5
HU,2016,G4677,Wholesale of waste and scrap,176,0,6
HU,2016,F,Construction,13130,2.9,7
HU,2016,EP_HH,Households,12037,2.7,8
HU,2016,E,"Water supply, sewerage, waste management",112008,24.8,9
HU,2016,EP_HH,Households,7658,1.3,1
HU,2016,D,"Electricity, gas, steam and air conditioning supply",6832,1.1,2
HU,2016,G-U_X_G4677,Services (except wholesale of waste and scrap),56360,9.4,3
HU,2016,F,Construction,27881,4.7,4
HU,2016,E,"Water supply, sewerage, waste management",235744,39.5,5
HU,2016,C,Manufacturing,229853,38.5,6
HU,2016,B,Mining and quarrying,19425,3.3,7
HU,2016,G4677,Wholesale of waste and scrap,1300,0.2,8
HU,2016,A,"Agriculture, forestry and fishing",11501,1.9,9
HU,2016,G4677,Wholesale of waste and scrap,748,0.1,1
HU,2016,G-U_X_G4677,Services (except wholesale of waste and scrap),63133,9,2
HU,2016,B,Mining and quarrying,33341,4.8,3
HU,2016,E,"Water supply, sewerage, waste management",289734,41.4,4
HU,2014,F,Construction,24237,3.5,5
HU,2014,C,Manufacturing,239311,34.2,6
HU,2014,EP_HH,Households,18164,2.6,7
HU,2014,D,"Electricity, gas, steam and air conditioning supply",16565,2.4,8
HU,2014,A,"Agriculture, forestry and fishing",15013,2.1,9
HU,2014,A,"Agriculture, forestry and fishing",9768,1.8,1
HU,2014,G-U_X_G4677,Services (except wholesale of waste and scrap),79593,14.7,2
HU,2014,G4677,Wholesale of waste and scrap,691,0.1,3
HU,2014,F,Construction,24033,4.4,4
HU,2014,C,Manufacturing,239718,44.3,5
HU,2014,D,"Electricity, gas, steam and air conditioning supply",17959,3.3,6
HU,2014,EP_HH,Households,17757,3.3,7
HU,2014,B,Mining and quarrying,16627,3.1,8
HU,2014,E,"Water supply, sewerage, waste management",134453,24.9,9
HU,2014,A,"Agriculture, forestry and fishing",7808,1.7,1
HU,2014,F,Construction,5276,1.2,2
HU,2014,C,Manufacturing,276505,60.6,3
HU,2014,B,Mining and quarrying,25379,5.6,4
HU,2014,EP_HH,Households,23931,5.2,5
HU,2014,G4677,Wholesale of waste and scrap,1417,0.3,6
HU,2014,D,"Electricity, gas, steam and air conditioning supply",12253,2.7,7
HU,2014,G-U_X_G4677,Services (except wholesale of waste and scrap),103973,22.8,8
HU,2014,A,"Agriculture, forestry and fishing",8334,1.6,1
HU,2014,C,Manufacturing,323829,61.6,2
HU,2014,G4677,Wholesale of waste and scrap,2236,0.4,3
HU,2014,F,Construction,17127,3.3,4
HU,2014,G-U_X_G4677,Services (except wholesale of waste and scrap),151286,28.8,5
HU,2014,B,Mining and quarrying,12273,2.3,6
HU,2014,D,"Electricity, gas, steam and air conditioning supply",10737,2,7
HU,2014,EP_HH,Households,0,0,8
HU,2014,C,Manufacturing,615801,55.8,1
HU,2014,D,"Electricity, gas, steam and air conditioning supply",47379,4.3,2
HU,2014,B,Mining and quarrying,41156,3.7,3
HU,2014,G-U_X_G4677,Services (except wholesale of waste and scrap),337622,30.6,4
HU,2014,F,Construction,30662,2.8,5
HU,2014,A,"Agriculture, forestry and fishing",17190,1.6,6
HU,2014,G4677,Wholesale of waste and scrap,12832,1.2,7
HU,2014,EP_HH,Households,0,0,8
LT,2014,G-U_X_G4677,Services (except wholesale of waste and scrap),69427,29,1
LT,2014,EP_HH,Households,61126,25.5,2
LT,2014,G4677,Wholesale of waste and scrap,4520,1.9,3
LT,2014,C,Manufacturing,38147,15.9,4
LT,2014,E,"Water supply, sewerage, waste management",30606,12.8,5
LT,2014,B,Mining and quarrying,254,0.1,6
LT,2014,D,"Electricity, gas, steam and air conditioning supply",23141,9.7,7
LT,2014,A,"Agriculture, forestry and fishing",1716,0.7,8
LT,2014,F,Construction,10431,4.4,9
LT,2014,G-U_X_G4677,Services (except wholesale of waste and scrap),86413,33.5,1
LT,2014,EP_HH,Households,54193,21,2
LT,2014,F,Construction,48285,18.7,3
LT,2014,G4677,Wholesale of waste and scrap,3988,1.5,4
LT,2014,B,Mining and quarrying,314,0.1,5
LT,2014,E,"Water supply, sewerage, waste management",24991,9.7,6
LT,2014,C,Manufacturing,21216,8.2,7
LT,2014,A,"Agriculture, forestry and fishing",1823,0.7,8
LT,2014,D,"Electricity, gas, steam and air conditioning supply",16357,6.4,9
LT,2014,G-U_X_G4677,Services (except wholesale of waste and scrap),80104,41.5,1
LT,2014,EP_HH,Households,35016,18.2,2
LT,2014,E,"Water supply, sewerage, waste management",31163,16.2,3
LT,2014,B,Mining and quarrying,306,0.2,4
LT,2014,G4677,Wholesale of waste and scrap,2705,1.4,5
LT,2014,F,Construction,17231,8.9,6
LT,2014,A,"Agriculture, forestry and fishing",1421,0.7,7
LT,2014,C,Manufacturing,13902,7.2,8
LT,2014,D,"Electricity, gas, steam and air conditioning supply",11016,5.7,9
LT,2014,A,"Agriculture, forestry and fishing",885,0.5,1
LT,2014,G4677,Wholesale of waste and scrap,835,0.5,2
LT,2014,G-U_X_G4677,Services (except wholesale of waste and scrap),72226,41,3
LT,2014,EP_HH,Households,33739,19.2,4
LT,2014,E,"Water supply, sewerage, waste management",24283,13.8,5
LT,2014,C,Manufacturing,23222,13.2,6
LT,2014,B,Mining and quarrying,125,0.1,7
LT,2014,D,"Electricity, gas, steam and air conditioning supply",10546,6,8
LT,2014,F,Construction,10090,5.7,9
LT,2014,D,"Electricity, gas, steam and air conditioning supply",9871,6,1
LT,2014,F,Construction,8829,5.3,2
LT,2014,G4677,Wholesale of waste and scrap,693,0.4,3
LT,2014,G-U_X_G4677,Services (except wholesale of waste and scrap),56251,34,4
LT,2014,EP_HH,Households,45810,27.7,5
LT,2014,A,"Agriculture, forestry and fishing",2715,1.6,6
LT,2014,E,"Water supply, sewerage, waste management",25527,15.4,7
LT,2014,B,Mining and quarrying,173,0.1,8
LT,2014,C,Manufacturing,15608,9.4,9
LT,2014,G4677,Wholesale of waste and scrap,861,0.6,1
LT,2014,F,Construction,5758,4.2,2
LT,2014,G-U_X_G4677,Services (except wholesale of waste and scrap),45539,33.3,3
LT,2014,EP_HH,Households,40150,29.4,4
LT,2014,A,"Agriculture, forestry and fishing",2490,1.8,5
LT,2014,E,"Water supply, sewerage, waste management",24448,17.9,6
LT,2014,D,"Electricity, gas, steam and air conditioning supply",2352,1.7,7
LT,2014,C,Manufacturing,15051,11,8
LT,2014,B,Mining and quarrying,137,0.1,9
LT,2014,B,Mining and quarrying,648,0.6,1
LT,2014,G4677,Wholesale of waste and scrap,44072,41.8,2
LT,2014,F,Construction,3862,3.7,3
LT,2014,A,"Agriculture, forestry and fishing",2892,2.7,4
LT,2014,D,"Electricity, gas, steam and air conditioning supply",2511,2.4,5
LT,2014,E,"Water supply, sewerage, waste management",19064,18.1,6
LT,2014,EP_HH,Households,18851,17.9,7
LT,2012,G-U_X_G4677,Services (except wholesale of waste and scrap),1470,1.4,8
LT,2012,C,Manufacturing,11953,11.3,9
LT,2012,G-U_X_G4677,Services (except wholesale of waste and scrap),66743,62.2,1
LT,2012,G4677,Wholesale of waste and scrap,648,0.6,2
LT,2012,D,"Electricity, gas, steam and air conditioning supply",571,0.5,3
LT,2012,A,"Agriculture, forestry and fishing",4421,4.1,4
LT,2012,B,Mining and quarrying,344,0.3,5
LT,2012,F,Construction,1938,1.8,6
LT,2012,C,Manufacturing,18918,17.6,7
LT,2012,EP_HH,Households,13798,12.8,8
LT,2012,EP_HH,Households,6475,7.4,1
LT,2012,A,"Agriculture, forestry and fishing",5931,6.8,2
LT,2012,G-U_X_G4677,Services (except wholesale of waste and scrap),45322,52,3
LT,2012,G4677,Wholesale of waste and scrap,453,0.5,4
LT,2012,B,Mining and quarrying,44,0.1,5
LT,2012,D,"Electricity, gas, steam and air conditioning supply",1664,1.9,6
LT,2012,F,Construction,14521,16.7,7
LT,2012,C,Manufacturing,12793,14.7,8
LT,2012,G4677,Wholesale of waste and scrap,722,0.8,1
LT,2012,D,"Electricity, gas, steam and air conditioning supply",603,0.7,2
LT,2012,A,"Agriculture, forestry and fishing",5930,6.6,3
LT,2012,F,Construction,5176,5.7,4
LT,2012,C,Manufacturing,39657,44,5
LT,2012,G-U_X_G4677,Services (except wholesale of waste and scrap),37650,41.8,6
LT,2012,B,Mining and quarrying,373,0.4,7
LT,2012,EP_HH,Households,35,0,8
LV,2012,F,Construction,871,1.5,1
LV,2012,G4677,Wholesale of waste and scrap,746,1.3,2
LV,2012,E,"Water supply, sewerage, waste management",6999,12.1,3
LV,2012,C,Manufacturing,5100,8.8,4
LV,2012,D,"Electricity, gas, steam and air conditioning supply",333,0.6,5
LV,2012,B,Mining and quarrying,33,0.1,6
LV,2012,G-U_X_G4677,Services (except wholesale of waste and scrap),21262,36.9,7
LV,2012,EP_HH,Households,21001,36.4,8
LV,2012,A,"Agriculture, forestry and fishing",1323,2.3,9
LV,2012,G-U_X_G4677,Services (except wholesale of waste and scrap),61606,43.6,1
LV,2012,C,Manufacturing,5993,4.2,2
LV,2012,E,"Water supply, sewerage, waste management",49751,35.2,3
LV,2012,G4677,Wholesale of waste and scrap,388,0.3,4
LV,2012,F,Construction,3741,2.6,5
LV,2012,B,Mining and quarrying,17,0,6
LV,2012,D,"Electricity, gas, steam and air conditioning supply",1693,1.2,7
LV,2012,EP_HH,Households,16783,11.9,8
LV,2012,A,"Agriculture, forestry and fishing",1448,1,9
LV,2012,B,Mining and quarrying,7,0,1
LV,2012,G4677,Wholesale of waste and scrap,52,0.1,2
LV,2012,EP_HH,Households,31365,40.6,3
LV,2012,F,Construction,1884,2.4,4
LV,2012,D,"Electricity, gas, steam and air conditioning supply",1820,2.4,5
LV,2012,E,"Water supply, sewerage, waste management",16909,21.9,6
LV,2012,A,"Agriculture, forestry and fishing",1596,2.1,7
LV,2012,C,Manufacturing,12665,16.4,8
LV,2012,G-U_X_G4677,Services (except wholesale of waste and scrap),11036,14.3,9
LV,2012,B,Mining and quarrying,8,0,1
LV,2012,C,Manufacturing,4908,7.4,2
LV,2012,EP_HH,Households,42843,64.7,3
LV,2012,D,"Electricity, gas, steam and air conditioning supply",301,0.5,4
LV,2012,E,"Water supply, sewerage, waste management",2905,4.4,5
LV,2012,A,"Agriculture, forestry and fishing",2110,3.2,6
LV,2012,G4677,Wholesale of waste and scrap,18,0,7
LV,2012,F,Construction,1527,2.3,8
LV,2012,G-U_X_G4677,Services (except wholesale of waste and scrap),11605,17.5,9
LV,2012,G4677,Wholesale of waste and scrap,93,0.1,1
LV,2012,A,"Agriculture, forestry and fishing",789,0.8,2
LV,2012,EP_HH,Households,68891,66.2,3
LV,2012,F,Construction,593,0.6,4
LV,2012,C,Manufacturing,3963,3.8,5
LV,2012,D,"Electricity, gas, steam and air conditioning supply",357,0.3,6
LV,2012,E,"Water supply, sewerage, waste management",19338,18.6,7
LV,2012,G-U_X_G4677,Services (except wholesale of waste and scrap),10118,9.7,8
LV,2012,B,Mining and quarrying,0,0,9
LV,2012,F,Construction,77,0.1,1
LV,2012,D,"Electricity, gas, steam and air conditioning supply",7384,7.8,2
LV,2012,E,"Water supply, sewerage, waste management",7009,7.4,3
LV,2012,EP_HH,Households,54467,57.3,4
LV,2012,A,"Agriculture, forestry and fishing",45,0,5
LV,2012,B,Mining and quarrying,2,0,6
LV,2012,G4677,Wholesale of waste and scrap,1658,1.7,7
LV,2012,G-U_X_G4677,Services (except wholesale of waste and scrap),12640,13.3,8
LV,2012,C,Manufacturing,11833,12.4,9
LV,2012,G4677,Wholesale of waste and scrap,8133,12,1
LV,2012,A,"Agriculture, forestry and fishing",732,1.1,2
LV,2012,F,Construction,57,0.1,3
LV,2012,G-U_X_G4677,Services (except wholesale of waste and scrap),469,0.7,4
LV,2012,EP_HH,Households,35804,52.7,5
LV,2012,B,Mining and quarrying,3,0,6
LV,2012,D,"Electricity, gas, steam and air conditioning supply",194,0.3,7
LV,2012,E,"Water supply, sewerage, waste management",11511,17,8
LV,2012,C,Manufacturing,11004,16.2,9
LV,2012,G-U_X_G4677,Services (except wholesale of waste and scrap),8767,13.1,1
LV,2012,F,Construction,75,0.1,2
LV,2012,A,"Agriculture, forestry and fishing",675,1,3
LV,2012,EP_HH,Households,35852,53.7,4
LV,2012,D,"Electricity, gas, steam and air conditioning supply",330,0.5,5
LV,2012,B,Mining and quarrying,3,0,6
LV,2012,C,Manufacturing,21060,31.5,7
LV,2012,G4677,Wholesale of waste and scrap,11,0,8
LV,2012,G4677,Wholesale of waste and scrap,86,0.1,1
LV,2012,G-U_X_G4677,Services (except wholesale of waste and scrap),5922,9.1,2
LV,2010,D,"Electricity, gas, steam and air conditioning supply",395,0.6,3
LV,2010,C,Manufacturing,35693,54.9,4
LV,2010,F,Construction,338,0.5,5
LV,2010,EP_HH,Households,21550,33.1,6
LV,2010,A,"Agriculture, forestry and fishing",1068,1.6,7
LV,2010,B,Mining and quarrying,0,0,8
LV,2010,C,Manufacturing,9495,57.4,1
LV,2010,D,"Electricity, gas, steam and air conditioning supply",506,3.1,2
LV,2010,G-U_X_G4677,Services (except wholesale of waste and scrap),4060,24.5,3
LV,2010,B,Mining and quarrying,25,0.2,4
LV,2010,A,"Agriculture, forestry and fishing",2295,13.9,5
LV,2010,F,Construction,166,1,6
LV,2010,G4677,Wholesale of waste and scrap,0,0,7
LV,2010,EP_HH,Households,0,0,7
PL,2010,C,Manufacturing,815200,39,1
PL,2010,E,"Water supply, sewerage, waste management",638251,30.5,2
PL,2010,B,Mining and quarrying,5330,0.3,3
PL,2010,G-U_X_G4677,Services (except wholesale of waste and scrap),399237,19.1,4
PL,2010,A,"Agriculture, forestry and fishing",3454,0.2,5
PL,2010,D,"Electricity, gas, steam and air conditioning supply",31002,1.5,6
PL,2010,EP_HH,Households,30546,1.5,7
PL,2010,G4677,Wholesale of waste and scrap,25555,1.2,8
PL,2010,F,Construction,144221,6.9,9
PL,2010,C,Manufacturing,819800,36.4,1
PL,2010,G-U_X_G4677,Services (except wholesale of waste and scrap),715522,31.7,2
PL,2010,D,"Electricity, gas, steam and air conditioning supply",58243,2.6,3
PL,2010,E,"Water supply, sewerage, waste management",499739,22.2,4
PL,2010,B,Mining and quarrying,4609,0.2,5
PL,2010,G4677,Wholesale of waste and scrap,17122,0.8,6
PL,2010,A,"Agriculture, forestry and fishing",16484,0.7,7
PL,2010,F,Construction,112978,5,8
PL,2010,EP_HH,Households,10352,0.5,9
PL,2010,E,"Water supply, sewerage, waste management",645058,17,1
PL,2010,A,"Agriculture, forestry and fishing",5550,0.1,2
PL,2010,D,"Electricity, gas, steam and air conditioning supply",53945,1.4,3
PL,2010,G4677,Wholesale of waste and scrap,50455,1.3,4
PL,2010,F,Construction,311427,8.2,5
PL,2010,EP_HH,Households,304588,8,6
PL,2010,C,Manufacturing,1364951,35.9,7
PL,2010,B,Mining and quarrying,11637,0.3,8
PL,2010,G-U_X_G4677,Services (except wholesale of waste and scrap),1057118,27.8,9
PL,2010,EP_HH,Households,965,0.1,1
PL,2010,F,Construction,88939,4.6,2
PL,2010,C,Manufacturing,815784,42.6,3
PL,2010,E,"Water supply, sewerage, waste management",603873,31.5,4
PL,2010,B,Mining and quarrying,5564,0.3,5
PL,2010,D,"Electricity, gas, steam and air conditioning supply",51669,2.7,6
PL,2010,A,"Agriculture, forestry and fishing",3209,0.2,7
PL,2010,G-U_X_G4677,Services (except wholesale of waste and scrap),320218,16.7,8
PL,2010,G4677,Wholesale of waste and scrap,26913,1.4,9
PL,2010,EP_HH,Households,9072,0.5,1
PL,2010,D,"Electricity, gas, steam and air conditioning supply",76701,4.6,2
PL,2010,C,Manufacturing,718555,42.7,3
PL,2010,B,Mining and quarrying,6821,0.4,4
PL,2010,E,"Water supply, sewerage, waste management",437470,26,5
PL,2010,G-U_X_G4677,Services (except wholesale of waste and scrap),263966,15.7,6
PL,2010,F,Construction,142580,8.5,7
PL,2010,G4677,Wholesale of waste and scrap,13086,0.8,8
PL,2010,A,"Agriculture, forestry and fishing",12786,0.8,9
PL,2010,G4677,Wholesale of waste and scrap,9575,0.6,1
PL,2010,C,Manufacturing,888178,51.1,2
PL,2010,D,"Electricity, gas, steam and air conditioning supply",76247,4.4,3
PL,2010,B,Mining and quarrying,5830,0.3,4
PL,2010,A,"Agriculture, forestry and fishing",4129,0.2,5
PL,2010,E,"Water supply, sewerage, waste management",394498,22.7,6
PL,2010,G-U_X_G4677,Services (except wholesale of waste and scrap),203737,11.7,7
PL,2010,EP_HH,Households,20320,1.2,8
PL,2010,F,Construction,134510,7.7,9
PL,2010,B,Mining and quarrying,8596,0.6,1
PL,2010,G4677,Wholesale of waste and scrap,7153,0.5,2
PL,2010,C,Manufacturing,691672,46.4,3
PL,2010,F,Construction,66466,4.5,4
PL,2010,A,"Agriculture, forestry and fishing",5400,0.4,5
PL,2010,E,"Water supply, sewerage, waste management",401401,26.9,6
PL,2010,G-U_X_G4677,Services (except wholesale of waste and scrap),285598,19.1,7
PL,2010,D,"Electricity, gas, steam and air conditioning supply",14117,0.9,8
PL,2010,EP_HH,Households,11442,0.8,9
PL,2010,G4677,Wholesale of waste and scrap,8288,0.7,1
PL,2010,C,Manufacturing,703826,61,2
PL,2010,F,Construction,66136,5.7,3
PL,2010,B,Mining and quarrying,5129,0.4,4
PL,2010,G-U_X_G4677,Services (except wholesale of waste and scrap),339901,29.5,5
PL,2010,A,"Agriculture, forestry and fishing",3072,0.3,6
PL,2010,D,"Electricity, gas, steam and air conditioning supply",15065,1.3,7
PL,2010,EP_HH,Households,12210,1.1,8
PL,2010,EP_HH,Households,472,0,1
PL,2010,F,Construction,37786,1.7,2
PL,2010,G4677,Wholesale of waste and scrap,3320,0.2,3
PL,2010,A,"Agriculture, forestry and fishing",19317,0.9,4
PL,2010,G-U_X_G4677,Services (except wholesale of waste and scrap),191482,8.8,5
PL,2010,D,"Electricity, gas, steam and air conditioning supply",184645,8.5,6
PL,2010,C,Manufacturing,1739450,79.9,7
PL,2010,B,Mining and quarrying,1653,0.1,8
PL,2010,F,Construction,9834,0.6,1
PL,2010,D,"Electricity, gas, steam and air conditioning supply",73568,4.8,2
PL,2010,B,Mining and quarrying,4399,0.3,3
PL,2010,EP_HH,Households,42,0,4
PL,2010,G-U_X_G4677,Services (except wholesale of waste and scrap),238077,15.6,5
PL,2010,G4677,Wholesale of waste and scrap,2091,0.1,6
PL,2008,A,"Agriculture, forestry and fishing",19317,1.3,7
PL,2008,C,Manufacturing,1176714,77.2,8
RO,2008,G4677,Wholesale of waste and scrap,85,0,1
RO,2008,C,Manufacturing,253230,23.2,2
RO,2008,B,Mining and quarrying,244560,22.4,3
RO,2008,F,Construction,241023,22.1,4
RO,2008,D,"Electricity, gas, steam and air conditioning supply",1852,0.2,5
RO,2008,G-U_X_G4677,Services (except wholesale of waste and scrap),183775,16.8,6
RO,2008,E,"Water supply, sewerage, waste management",17315,1.6,7
RO,2008,EP_HH,Households,138296,12.7,8
RO,2008,A,"Agriculture, forestry and fishing",10530,1,9
RO,2008,D,"Electricity, gas, steam and air conditioning supply",994,0.1,1
RO,2008,E,"Water supply, sewerage, waste management",9869,1.3,2
RO,2008,A,"Agriculture, forestry and fishing",7548,1,3
RO,2008,G4677,Wholesale of waste and scrap,59,0,4
RO,2008,EP_HH,Households,52746,6.8,5
RO,2008,C,Manufacturing,199438,25.7,6
RO,2008,G-U_X_G4677,Services (except wholesale of waste and scrap),184836,23.9,7
RO,2008,F,Construction,162638,21,8
RO,2008,B,Mining and quarrying,156483,20.2,9
RO,2008,G-U_X_G4677,Services (except wholesale of waste and scrap),95254,12.9,1
RO,2008,F,Construction,81080,11,2
RO,2008,EP_HH,Households,55855,7.6,3
RO,2008,B,Mining and quarrying,244907,33.2,4
RO,2008,G4677,Wholesale of waste and scrap,239,0,5
RO,2008,C,Manufacturing,234603,31.8,6
RO,2008,D,"Electricity, gas, steam and air conditioning supply",1952,0.3,7
RO,2008,A,"Agriculture, forestry and fishing",11541,1.6,8
RO,2008,E,"Water supply, sewerage, waste management",11419,1.5,9
RO,2008,G-U_X_G4677,Services (except wholesale of waste and scrap),85536,13.7,1
RO,2008,G4677,Wholesale of waste and scrap,619,0.1,2
RO,2008,EP_HH,Households,41591,6.7,3
RO,2008,B,Mining and quarrying,241985,38.7,4
RO,2008,C,Manufacturing,228130,36.5,5
RO,2008,F,Construction,206,0,6
RO,2008,E,"Water supply, sewerage, waste management",14080,2.3,7
RO,2008,A,"Agriculture, forestry and fishing",11773,1.9,8
RO,2008,D,"Electricity, gas, steam and air conditioning supply",1059,0.2,9
RO,2008,A,"Agriculture, forestry and fishing",7549,1.3,1
RO,2008,G4677,Wholesale of waste and scrap,42,0,2
RO,2008,EP_HH,Households,29853,5.1,3
RO,2008,E,"Water supply, sewerage, waste management",29293,5,4
RO,2008,F,Construction,262,0,5
RO,2008,B,Mining and quarrying,206832,35,6
RO,2008,C,Manufacturing,181444,30.7,7
RO,2008,D,"Electricity, gas, steam and air conditioning supply",1374,0.2,8
RO,2008,G-U_X_G4677,Services (except wholesale of waste and scrap),133650,22.6,9
RO,2008,D,"Electricity, gas, steam and air conditioning supply",958,0.1,1
RO,2008,E,"Water supply, sewerage, waste management",84553,12.3,2
RO,2008,G4677,Wholesale of waste and scrap,52,0,3
RO,2008,F,Construction,3380,0.5,4
RO,2008,A,"Agriculture, forestry and fishing",3354,0.5,5
RO,2008,C,Manufacturing,288309,41.8,6
RO,2008,EP_HH,Households,20781,3,7
RO,2008,B,Mining and quarrying,147299,21.4,8
RO,2008,G-U_X_G4677,Services (except wholesale of waste and scrap),140565,20.4,9
RO,2008,F,Construction,909,0.1,1
RO,2008,D,"Electricity, gas, steam and air conditioning supply",792,0.1,2
RO,2008,A,"Agriculture, forestry and fishing",6923,1,3
RO,2008,C,Manufacturing,307197,44.2,4
RO,2008,EP_HH,Households,23353,3.4,5
RO,2008,G-U_X_G4677,Services (except wholesale of waste and scrap),228094,32.8,6
RO,2008,E,"Water supply, sewerage, waste management",18591,2.7,7
RO,2008,G4677,Wholesale of waste and scrap,134,0,8
RO,2008,B,Mining and quarrying,109696,15.8,9
RO,2008,G-U_X_G4677,Services (except wholesale of waste and scrap),72749,14,1
RO,2008,G4677,Wholesale of waste and scrap,6563,1.3,2
RO,2008,C,Manufacturing,385374,74,3
RO,2008,A,"Agriculture, forestry and fishing",3274,0.6,4
RO,2008,B,Mining and quarrying,31117,6,5
RO,2008,D,"Electricity, gas, steam and air conditioning supply",2193,0.4,6
RO,2008,EP_HH,Households,17984,3.5,7
RO,2008,F,Construction,1485,0.3,8
RO,2008,A,"Agriculture, forestry and fishing",8742,0.8,1
RO,2008,G4677,Wholesale of waste and scrap,73,0,2
RO,2008,C,Manufacturing,500826,48.1,3
RO,2008,B,Mining and quarrying,496302,47.7,4
RO,2008,G-U_X_G4677,Services (except wholesale of waste and scrap),33332,3.2,5
RO,2008,EP_HH,Households,261,0,6
RO,2008,F,Construction,225,0,7
RO,2008,D,"Electricity, gas, steam and air conditioning supply",1417,0.1,8
RO,2008,A,"Agriculture, forestry and fishing",8742,0.4,1
RO,2008,D,"Electricity, gas, steam and air conditioning supply",4304,0.2,2
RO,2008,G4677,Wholesale of waste and scrap,3,0,3
RO,2008,G-U_X_G4677,Services (except wholesale of waste and scrap),17553,0.8,4
RO,2008,B,Mining and quarrying,1215127,53,5
RO,2008,C,Manufacturing,1046183,45.6,6
RO,2008,F,Construction,100,0,7
RO,2006,EP_HH,Households,0,0,8
SI,2006,C,Manufacturing,69039,51.5,1
SI,2006,EP_HH,Households,4393,3.3,2
SI,2006,G-U_X_G4677,Services (except wholesale of waste and scrap),42005,31.3,3
SI,2006,B,Mining and quarrying,305,0.2,4
SI,2006,A,"Agriculture, forestry and fishing",26,0,5
SI,2006,F,Construction,2183,1.6,6
SI,2006,D,"Electricity, gas, steam and air conditioning supply",1729,1.3,7
SI,2006,G4677,Wholesale of waste and scrap,151,0.1,8
SI,2006,E,"Water supply, sewerage, waste management",14159,10.6,9
SI,2006,C,Manufacturing,80907,61,1
SI,2006,B,Mining and quarrying,74,0.1,2
SI,2006,A,"Agriculture, forestry and fishing",59,0,3
SI,2006,EP_HH,Households,4899,3.7,4
SI,2006,F,Construction,3561,2.7,5
SI,2006,G-U_X_G4677,Services (except wholesale of waste and scrap),26321,19.9,6
SI,2006,G4677,Wholesale of waste and scrap,23,0,7
SI,2006,D,"Electricity, gas, steam and air conditioning supply",2152,1.6,8
SI,2006,E,"Water supply, sewerage, waste management",14594,11,9
SI,2006,EP_HH,Households,9953,7.7,1
SI,2006,A,"Agriculture, forestry and fishing",95,0.1,2
SI,2006,G4677,Wholesale of waste and scrap,844,0.7,3
SI,2006,C,Manufacturing,75179,58.3,4
SI,2006,D,"Electricity, gas, steam and air conditioning supply",4780,3.7,5
SI,2006,F,Construction,2178,1.7,6
SI,2006,G-U_X_G4677,Services (except wholesale of waste and scrap),21353,16.6,7
SI,2006,E,"Water supply, sewerage, waste management",14493,11.2,8
SI,2006,B,Mining and quarrying,101,0.1,9
SI,2006,EP_HH,Households,8049,6.5,1
SI,2006,C,Manufacturing,78034,63.1,2
SI,2006,G4677,Wholesale of waste and scrap,72,0.1,3
SI,2006,E,"Water supply, sewerage, waste management",7069,5.7,4
SI,2006,A,"Agriculture, forestry and fishing",48,0,5
SI,2006,G-U_X_G4677,Services (except wholesale of waste and scrap),26667,21.6,6
SI,2006,D,"Electricity, gas, steam and air conditioning supply",2108,1.7,7
SI,2006,B,Mining and quarrying,145,0.1,8
SI,2006,F,Construction,1425,1.2,9
SI,2006,C,Manufacturing,74701,48.1,1
SI,2006,B,Mining and quarrying,54,0,2
SI,2006,E,"Water supply, sewerage, waste management",33929,21.9,3
SI,2006,G-U_X_G4677,Services (except wholesale of waste and scrap),30721,19.8,4
SI,2006,A,"Agriculture, forestry and fishing",26,0,5
SI,2006,F,Construction,2365,1.5,6
SI,2006,D,"Electricity, gas, steam and air conditioning supply",1422,0.9,7
SI,2006,EP_HH,Households,12011,7.7,8
SI,2006,G4677,Wholesale of waste and scrap,0,0,9
SI,2006,G4677,Wholesale of waste and scrap,71,0.1,1
SI,2006,C,Manufacturing,67809,50.9,2
SI,2006,F,Construction,4200,3.1,3
SI,2006,B,Mining and quarrying,38,0,4
SI,2006,E,"Water supply, sewerage, waste management",29113,21.8,5
SI,2006,A,"Agriculture, forestry and fishing",272,0.2,6
SI,2006,D,"Electricity, gas, steam and air conditioning supply",1654,1.2,7
SI,2006,EP_HH,Households,16003,12,8
SI,2006,G-U_X_G4677,Services (except wholesale of waste and scrap),14174,10.6,9
SI,2006,A,"Agriculture, forestry and fishing",91,0.1,1
SI,2006,B,Mining and quarrying,82,0.1,2
SI,2006,C,Manufacturing,71694,61.2,3
SI,2006,F,Construction,4408,3.8,4
SI,2006,E,"Water supply, sewerage, waste management",4335,3.7,5
SI,2006,D,"Electricity, gas, steam and air conditioning supply",3998,3.4,6
SI,2006,G-U_X_G4677,Services (except wholesale of waste and scrap),17590,15,7
SI,2006,EP_HH,Households,14982,12.8,8
SI,2006,G4677,Wholesale of waste and scrap,0,0,9
SI,2006,F,Construction,9988,7,1
SI,2006,C,Manufacturing,77285,53.8,2
SI,2006,D,"Electricity, gas, steam and air conditioning supply",688,0.5,3
SI,2006,EP_HH,Households,5819,4.1,4
SI,2006,G-U_X_G4677,Services (except wholesale of waste and scrap),49469,34.5,5
SI,2006,B,Mining and quarrying,186,0.1,6
SI,2006,A,"Agriculture, forestry and fishing",110,0.1,7
SI,2006,G4677,Wholesale of waste and scrap,0,0,8
SI,2006,G4677,Wholesale of waste and scrap,97,0.1,1
SI,2006,F,Construction,9158,8.1,2
SI,2006,D,"Electricity, gas, steam and air conditioning supply",772,0.7,3
SI,2006,C,Manufacturing,72160,63.5,4
SI,2006,B,Mining and quarrying,63,0.1,5
SI,2006,A,"Agriculture, forestry and fishing",411,0.4,6
SI,2006,EP_HH,Households,18473,16.3,7
SI,2006,G-U_X_G4677,Services (except wholesale of waste and scrap),12423,10.9,8
SI,2006,D,"Electricity, gas, steam and air conditioning supply",739,0.7,1
SI,2006,C,Manufacturing,65459,61,2
SI,2006,B,Mining and quarrying,32,0,3
SI,2006,A,"Agriculture, forestry and fishing",280,0.3,4
SI,2006,F,Construction,26789,25,5
SI,2006,G4677,Wholesale of waste and scrap,2,0,6
SI,2006,EP_HH,Households,1428,1.3,7
SI,2006,G-U_X_G4677,Services (except wholesale of waste and scrap),12563,11.7,8
SK,2004,E,"Water supply, sewerage, waste management",59809,12.2,1
SK,2004,B,Mining and quarrying,472,0.1,2
SK,2004,F,Construction,4390,0.9,3
SK,2004,D,"Electricity, gas, steam and air conditioning supply",3853,0.8,4
SK,2004,C,Manufacturing,234205,47.6,5
SK,2004,G4677,Wholesale of waste and scrap,22379,4.5,6
SK,2004,A,"Agriculture, forestry and fishing",14327,2.9,7
SK,2004,EP_HH,Households,14297,2.9,8
SK,2004,G-U_X_G4677,Services (except wholesale of waste and scrap),138385,28.1,9
SK,2004,E,"Water supply, sewerage, waste management",94409,21.7,1
SK,2004,D,"Electricity, gas, steam and air conditioning supply",6731,1.5,2
SK,2004,B,Mining and quarrying,381,0.1,3
SK,2004,A,"Agriculture, forestry and fishing",3541,0.8,4
SK,2004,F,Construction,3451,0.8,5
SK,2004,G4677,Wholesale of waste and scrap,2424,0.6,6
SK,2004,C,Manufacturing,195838,44.9,7
SK,2004,EP_HH,Households,17509,4,8
SK,2004,G-U_X_G4677,Services (except wholesale of waste and scrap),111586,25.6,9
SK,2004,E,"Water supply, sewerage, waste management",87616,19.5,1
SK,2004,B,Mining and quarrying,840,0.2,2
SK,2004,A,"Agriculture, forestry and fishing",5570,1.2,3
SK,2004,G4677,Wholesale of waste and scrap,50601,11.2,4
SK,2004,G-U_X_G4677,Services (except wholesale of waste and scrap),48069,10.7,5
SK,2004,F,Construction,2840,0.6,6
SK,2004,C,Manufacturing,238137,52.9,7
SK,2004,D,"Electricity, gas, steam and air conditioning supply",1847,0.4,8
SK,2004,EP_HH,Households,14601,3.2,9
SK,2004,D,"Electricity, gas, steam and air conditioning supply",9083,1.8,1
SK,2004,F,Construction,76025,15.3,2
SK,2004,EP_HH,Households,7163,1.4,3
SK,2004,E,"Water supply, sewerage, waste management",58689,11.8,4
SK,2004,A,"Agriculture, forestry and fishing",4449,0.9,5
SK,2004,B,Mining and quarrying,415,0.1,6
SK,2004,G4677,Wholesale of waste and scrap,413,0.1,7
SK,2004,C,Manufacturing,236703,47.7,8
SK,2004,G-U_X_G4677,Services (except wholesale of waste and scrap),103186,20.8,9
SK,2004,G4677,Wholesale of waste and scrap,872,0.2,1
SK,2004,F,Construction,6809,1.8,2
SK,2004,B,Mining and quarrying,608,0.2,3
SK,2004,EP_HH,Households,5574,1.5,4
SK,2004,A,"Agriculture, forestry and fishing",4674,1.3,5
SK,2004,D,"Electricity, gas, steam and air conditioning supply",4214,1.1,6
SK,2004,G-U_X_G4677,Services (except wholesale of waste and scrap),39929,10.8,7
SK,2004,C,Manufacturing,200458,54,8
SK,2004,E,"Water supply, sewerage, waste management",108076,29.1,9
SK,2004,E,"Water supply, sewerage, waste management",79383,21.4,1
SK,2004,B,Mining and quarrying,646,0.2,2
SK,2004,EP_HH,Households,5830,1.6,3
SK,2004,A,"Agriculture, forestry and fishing",5555,1.5,4
SK,2004,D,"Electricity, gas, steam and air conditioning supply",4604,1.2,5
SK,2004,G-U_X_G4677,Services (except wholesale of waste and scrap),35465,9.6,6
SK,2004,F,Construction,34081,9.2,7
SK,2004,C,Manufacturing,202982,54.8,8
SK,2004,G4677,Wholesale of waste and scrap,1677,0.5,9
SK,2004,A,"Agriculture, forestry and fishing",9270,2.2,1
SK,2004,G-U_X_G4677,Services (except wholesale of waste and scrap),79943,19.2,2
SK,2004,EP_HH,Households,5427,1.3,3
SK,2004,D,"Electricity, gas, steam and air conditioning supply",5357,1.3,4
SK,2004,G4677,Wholesale of waste and scrap,5310,1.3,5
SK,2004,F,Construction,45710,11,6
SK,2004,E,"Water supply, sewerage, waste management",45354,10.9,7
SK,2004,B,Mining and quarrying,383,0.1,8
SK,2004,C,Manufacturing,218725,52.6,9
SK,2004,D,"Electricity, gas, steam and air conditioning supply",9871,2,1
SK,2004,G-U_X_G4677,Services (except wholesale of waste and scrap),90859,18.8,2
SK,2004,B,Mining and quarrying,567,0.1,3
SK,2004,EP_HH,Households,5452,1.1,4
SK,2004,F,Construction,5413,1.1,5
SK,2004,A,"Agriculture, forestry and fishing",42201,8.7,6
SK,2004,C,Manufacturing,326439,67.6,7
SK,2004,G4677,Wholesale of waste and scrap,1829,0.4,8
SK,2004,G4677,Wholesale of waste and scrap,727,0.2,1
SK,2004,B,Mining and quarrying,41114,8.6,2
SK,2004,EP_HH,Households,3467,0.7,3
SK,2004,D,"Electricity, gas, steam and air conditioning supply",26985,5.6,4
SK,2004,A,"Agriculture, forestry and fishing",25949,5.4,5
SK,2004,C,Manufacturing,239925,50,6
SK,2004,G-U_X_G4677,Services (except wholesale of waste and scrap),130154,27.1,7
SK,2004,F,Construction,11149,2.3,8
SK,2004,D,"Electricity, gas, steam and air conditioning supply",9380,2.5,1
SK,2004,F,Construction,8800,2.3,2
SK,2004,G-U_X_G4677,Services (except wholesale of waste and scrap),61480,16.2,3
SK,2004,G4677,Wholesale of waste and scrap,40,0,4
SK,2004,C,Manufacturing,271640,71.4,5
SK,2004,EP_HH,Households,2534,0.7,6
SK,2004,A,"Agriculture, forestry and fishing",13790,3.6,7
SK,2004,B,Mining and quarrying,12560,3.3,8
